url,status,final_url,title,h1,h1_count,description,robots,canonical,sitemap,schema_count,schema_parse_errors,word_count_all_text,elementor_present,raw_file,error
https://www.swatijha.com/,200,https://www.swatijha.com/,Prolapse Surgeon Sheffield | Professor Swati Jha,"Professor Swati Jha Consultant Urogynaecologist & Female Prolapse Surgeon, Sheffield",1,"Professor Swati Jha, RCOG-accredited prolapse surgeon Sheffield. 3,000+ surgeries, 4.98 Doctify rating. Private appointments, no GP referral needed.","follow, index, max-snippet:-1, max-video-preview:-1, max-image-preview:large",https://www.swatijha.com/,https://www.swatijha.com/page-sitemap.xml,1,[],2362,True,html/626ca62b0b675f21.html,
https://www.swatijha.com/vaginal-pessary/,200,https://www.swatijha.com/vaginal-pessary/,Vaginal Pessary Treatment | Professor Swati Jha,Vaginal Pessary Treatment,1,"Specialist vaginal pessary clinic Sheffield with Professor Swati Jha. Pessary fitting, ring pessaries, cube pessaries, follow-up care and prolapse management.","follow, index, max-snippet:-1, max-video-preview:-1, max-image-preview:large",https://www.swatijha.com/vaginal-pessary/,https://www.swatijha.com/page-sitemap.xml,4,[],5194,True,html/2bd445b7666afd28.html,
https://www.swatijha.com/preservation-surgery-sheffield/,200,https://www.swatijha.com/preservation-surgery-sheffield/,Uterine Preservation Surgery Sheffield | Professor Swati Jha,Uterine Preservation Surgery Sheffield,1,"Uterine Preservation Surgery Sheffield: Prof Jha explains hysteropexy, non-surgical options and when hysterectomy may or may not be needed.","follow, index, max-snippet:-1, max-video-preview:-1, max-image-preview:large",https://www.swatijha.com/preservation-surgery-sheffield/,https://www.swatijha.com/page-sitemap.xml,4,[],4451,True,html/ac4754ed15e3147b.html,
https://www.swatijha.com/menopause-management-sheffield/,200,https://www.swatijha.com/menopause-management-sheffield/,Menopause Management Sheffield | Professor Swati Jha,Menopause Management Sheffield,1,"Menopause care in Sheffield with Prof Swati Jha: personalised advice on perimenopause, HRT, hot flushes, vaginal dryness, sleep, anxiety and brain fog.","follow, index, max-snippet:-1, max-video-preview:-1, max-image-preview:large",https://www.swatijha.com/menopause-management-sheffield/,https://www.swatijha.com/page-sitemap.xml,1,[],2531,True,html/6f1e41e11b84e623.html,
https://www.swatijha.com/surgical-treatment-sheffield/,200,https://www.swatijha.com/surgical-treatment-sheffield/,Prolapse Surgery Sheffield | Professor Swati Jha,Prolapse Surgery Sheffield,1,"Prolapse surgery in Sheffield with Professor Swati Jha, including sacrocolpopexy, uterine-preserving surgery and treatment for recurrent prolapse.","follow, index, max-snippet:-1, max-video-preview:-1, max-image-preview:large",https://www.swatijha.com/surgical-treatment-sheffield/,https://www.swatijha.com/page-sitemap.xml,4,[],3145,True,html/a6b9bf1d6cba8c57.html,
https://www.swatijha.com/vaginal-prolapse-treatment-sheffield/,200,https://www.swatijha.com/vaginal-prolapse-treatment-sheffield/,Vaginal Prolapse Treatment Sheffield | Prof Swati Jha,Vaginal Prolapse Treatment Sheffield,1,"Vaginal prolapse treatment Sheffield: specialist assessment and management of prolapse and specialist prolapse surgery by Prof Swati Jha, Urogynaecologist.","follow, index, max-snippet:-1, max-video-preview:-1, max-image-preview:large",https://www.swatijha.com/vaginal-prolapse-treatment-sheffield/,https://www.swatijha.com/page-sitemap.xml,1,[],1991,True,html/96444fe630875c8c.html,
https://www.swatijha.com/urinary-incontinence-treatment-sheffield/,200,https://www.swatijha.com/urinary-incontinence-treatment-sheffield/,Urinary Incontinence Treatment Sheffield | Professor Swati Jha,Urinary Incontinence Treatment Sheffield,1,"I am Professor Swati Jha, RCOG-accredited urogynaecologist in Sheffield. I assess and treat stress, urgency and mixed urinary incontinence.","follow, index, max-snippet:-1, max-video-preview:-1, max-image-preview:large",https://www.swatijha.com/urinary-incontinence-treatment-sheffield/,https://www.swatijha.com/page-sitemap.xml,1,[],2056,True,html/30f82518f3055f2e.html,
https://www.swatijha.com/about/,200,https://www.swatijha.com/about/,About Professor Swati Jha — Consultant Urogynaecologist Sheffield,About me,1,Professor Swati Jha is a consultant urogynaecologist Sheffield and leading prolapse surgeon. She is Professor at the University of Sheffield.,"follow, index, max-snippet:-1, max-video-preview:-1, max-image-preview:large",https://www.swatijha.com/about/,https://www.swatijha.com/page-sitemap.xml,1,[],2715,True,html/dfd3af78562c0cbc.html,
https://www.swatijha.com/paediatric-gynaecology/,200,https://www.swatijha.com/paediatric-gynaecology/,Paediatric And Adolescent Gynaecology Sheffield | Prof Swati Jha,Paediatric and Adolescent Gynaecology Sheffield,1,"Paediatric and adolescent gynaecology in Sheffield for girls up to 18: painful or heavy periods, puberty concerns, PCOS, pelvic pain and congenital conditions.","follow, index, max-snippet:-1, max-video-preview:-1, max-image-preview:large",https://www.swatijha.com/paediatric-gynaecology/,https://www.swatijha.com/page-sitemap.xml,1,[],2461,True,html/16f87cb424db62a0.html,
https://www.swatijha.com/clinic/,200,https://www.swatijha.com/clinic/,Professor Swati Jha — Urogynaecology Clinic Sheffield,Urogynaecology Clinic Sheffield,1,"Prof Jha's Urogynaecology Clinic Sheffield: two private hospitals offering care for prolapse, incontinence, menopause and vulval conditions.","follow, index, max-snippet:-1, max-video-preview:-1, max-image-preview:large",https://www.swatijha.com/clinic/,https://www.swatijha.com/page-sitemap.xml,2,[],402,True,html/62eb08c404ba4012.html,
https://www.swatijha.com/recurrent-prolapse-treatment-sheffield/,200,https://www.swatijha.com/recurrent-prolapse-treatment-sheffield/,Recurrent Prolapse Treatment Sheffield | Professor Swati Jha,Recurrent Prolapse Treatment Sheffield,1,"Recurrent prolapse treatment Sheffield — Prof Swati Jha. Assessment after failed repair. Apical support, pessary, physiotherapy and revision surgery options.","follow, index, max-snippet:-1, max-video-preview:-1, max-image-preview:large",https://www.swatijha.com/recurrent-prolapse-treatment-sheffield/,https://www.swatijha.com/page-sitemap.xml,4,[],3826,True,html/d9b75101a909345c.html,
https://www.swatijha.com/non-surgical-prolapse-treatment/,200,https://www.swatijha.com/non-surgical-prolapse-treatment/,Non-Surgical Prolapse Treatment Sheffield | Prof Swati Jha,Non-Surgical Prolapse Treatment,1,"I offer pessaries, pelvic floor rehabilitation and vaginal oestrogen as first-line prolapse management in Sheffield — same-week private appointments available.","follow, index, max-snippet:-1, max-video-preview:-1, max-image-preview:large",https://www.swatijha.com/non-surgical-prolapse-treatment/,https://www.swatijha.com/page-sitemap.xml,1,[],2951,True,html/8e5a7ddc74c5ce85.html,
https://www.swatijha.com/privacy-notice/,200,https://www.swatijha.com/privacy-notice/,Professor Swati Jha,,0,Last updated: 25 September 2026,"follow, index, max-snippet:-1, max-video-preview:-1, max-image-preview:large",https://www.swatijha.com/privacy-notice/,https://www.swatijha.com/page-sitemap.xml,0,[],2418,True,html/d8a838b81328e0c6.html,
https://www.swatijha.com/book-consultation/,200,https://www.swatijha.com/book-consultation/,"Book A Consultation | Prof Swati Jha, Sheffield",Book Consultation With,1,"Book a private consultation with Professor Swati Jha, consultant urogynaecologist in Sheffield, for prolapse, incontinence, menopause and vulval conditions.","follow, index, max-snippet:-1, max-video-preview:-1, max-image-preview:large",https://www.swatijha.com/book-consultation/,https://www.swatijha.com/page-sitemap.xml,1,[],882,True,html/a2402dad9f746532.html,
https://www.swatijha.com/contact/,200,https://www.swatijha.com/contact/,Contact Professor Swati Jha | Private Urogynaecologist Sheffield,Contact Professor Swati Jha,1,"Contact Professor Swati Jha, Urogynaecologist, to book a private consultation in Sheffield for prolapse, incontinence, menopause and vulval problems.","follow, index, max-snippet:-1, max-video-preview:-1, max-image-preview:large",https://www.swatijha.com/contact/,https://www.swatijha.com/page-sitemap.xml,1,[],380,True,html/702991ace6748980.html,
https://www.swatijha.com/vulval-problems-labiaplasty/,200,https://www.swatijha.com/vulval-problems-labiaplasty/,Vulval Problems & Labiaplasty | Professor Swati Jha,Vulval Problems & Labiaplasty,1,"Assessment of vulval problems in Sheffield, including itching, pain, soreness, skin conditions, cysts and lumps, with consultant-led labiaplasty advice.","follow, index, max-snippet:-1, max-video-preview:-1, max-image-preview:large",https://www.swatijha.com/vulval-problems-labiaplasty/,https://www.swatijha.com/page-sitemap.xml,1,[],2299,True,html/60d1b187f3c93fcf.html,
https://www.swatijha.com/virtual-consultation/,200,https://www.swatijha.com/virtual-consultation/,Virtual Urogynaecology Consultation | Prof Swati Jha,Virtual Urogynaecology Consultation (Video),1,"Private video consultation with Consultant Urogynaecologist Prof Swati Jha for prolapse, urinary incontinence, pelvic floor symptoms and second opinions.","follow, index, max-snippet:-1, max-video-preview:-1, max-image-preview:large",https://www.swatijha.com/virtual-consultation/,https://www.swatijha.com/page-sitemap.xml,2,[],1673,True,html/590b3d3164c13567.html,
https://www.swatijha.com/vaginal-vault-prolapse-sheffield/,200,https://www.swatijha.com/vaginal-vault-prolapse-sheffield/,Vaginal Vault Prolapse Sheffield | Prof Swati Jha,Vaginal Vault Prolapse Sheffield,1,"Vaginal vault prolapse after hysterectomy in Sheffield: Prof Swati Jha explains symptoms, pessaries, sacrocolpopexy and sacrospinous fixation.","follow, index, max-snippet:-1, max-video-preview:-1, max-image-preview:large",https://www.swatijha.com/vaginal-vault-prolapse-sheffield/,https://www.swatijha.com/page-sitemap.xml,4,[],4126,True,html/bf7b13e18667dd33.html,
https://www.swatijha.com/testimonials/,200,https://www.swatijha.com/testimonials/,Patient Reviews & Testimonials | Professor Swati Jha | Sheffield,Patient Reviews & Testimonials,1,"Read patient's testimonials and reviews for Prof Swati Jha, Consultant Gynaecologist and Urogynaecologist Sheffield. 4.98/5 from 188 verified Doctify reviews.","follow, index, max-snippet:-1, max-video-preview:-1, max-image-preview:large",https://www.swatijha.com/testimonials/,https://www.swatijha.com/page-sitemap.xml,1,[],994,True,html/f0619bec68596548.html,
https://www.swatijha.com/symptoms/,200,https://www.swatijha.com/symptoms/,Vaginal Prolapse Symptoms Sheffield | Prof Swati Jha,Vaginal Prolapse Symptoms,1,"Worried about a vaginal bulge, heaviness or bladder symptoms? I explain vaginal prolapse symptoms and when to seek specialist assessment in Sheffield.","follow, index, max-snippet:-1, max-video-preview:-1, max-image-preview:large",https://www.swatijha.com/symptoms/,https://www.swatijha.com/page-sitemap.xml,1,[],4469,True,html/c970fc98bdbe2ba1.html,
https://www.swatijha.com/types/,200,https://www.swatijha.com/types/,Types Of Vaginal Prolapse In Sheffield | Prof Swati Jha,Types of Vaginal Prolapse,1,"Understand the types of vaginal prolapse, including anterior, posterior, uterine, vault and combined prolapse, with specialist assessment in Sheffield.","follow, index, max-snippet:-1, max-video-preview:-1, max-image-preview:large",https://www.swatijha.com/types/,https://www.swatijha.com/page-sitemap.xml,5,[],4441,True,html/d73e88f3a615a0fc.html,
https://www.swatijha.com/diagnosis/,200,https://www.swatijha.com/diagnosis/,Vaginal Prolapse Diagnosis Sheffield | Professor Swati Jha,Vaginal Prolapse Diagnosis,1,"I offer specialist vaginal prolapse diagnosis in Sheffield — pelvic examination, POP-Q staging, bladder and bowel assessment, and a clear personalised plan.","follow, index, max-snippet:-1, max-video-preview:-1, max-image-preview:large",https://www.swatijha.com/diagnosis/,https://www.swatijha.com/page-sitemap.xml,6,[],3373,True,html/24f62a9f0eb1759a.html,
https://www.swatijha.com/videos/,200,https://www.swatijha.com/videos/,Urogynaecology Videos | Prolapse & Pelvic Floor I Sheffield,Patient Education Videos,1,"Watch educational videos on vaginal prolapse, urinary incontinence, pelvic floor disorders and women's health treatments.","follow, index, max-snippet:-1, max-video-preview:-1, max-image-preview:large",https://www.swatijha.com/videos/,https://www.swatijha.com/page-sitemap.xml,0,[],341,True,html/fada6f3eb0b7f848.html,
https://www.swatijha.com/leaflets/,200,https://www.swatijha.com/leaflets/,Patient Information Leaflets | Urogynaecology Resources Sheffield,Patient Information Leaflets,1,"Trusted patient information leaflets covering prolapse, urinary incontinence, menopause, bladder conditions and pelvic floor disorders. Professor Swati Jha.","follow, index, max-snippet:-1, max-video-preview:-1, max-image-preview:large",https://www.swatijha.com/leaflets/,https://www.swatijha.com/page-sitemap.xml,1,[],410,True,html/25dd613a29cfb7c0.html,
https://www.swatijha.com/?liquid-footer=home,200,https://www.swatijha.com/?liquid-footer=home,Professor Swati Jha,,0,Gynaecologist in Sheffield,"follow, index, max-snippet:-1, max-video-preview:-1, max-image-preview:large",https://www.swatijha.com/?liquid-footer=home,https://www.swatijha.com/liquid-footer-sitemap.xml,0,[],207,True,html/d76312041ef969bc.html,
https://www.swatijha.com/liquid-archives/blog/,200,https://www.swatijha.com/liquid-archives/blog/,Blog - Professor Swati Jha,Consultant Gynaecologist & Sub-specialist Urogynaecologist,1,Consultant Gynaecologist &Sub-specialist Urogynaecologist Stay up-to-date Blogs Pravin Jha ⏺ 1 day ago Categories Uncategorized Do I Have,"follow, index, max-snippet:-1, max-video-preview:-1, max-image-preview:large",https://www.swatijha.com/liquid-archives/blog/,https://www.swatijha.com/liquid-archives-sitemap.xml,0,[],66,True,html/9a15f3ee58a7492e.html,
https://www.swatijha.com,200,https://www.swatijha.com/,Prolapse Surgeon Sheffield | Professor Swati Jha,"Professor Swati Jha Consultant Urogynaecologist & Female Prolapse Surgeon, Sheffield",1,"Professor Swati Jha, RCOG-accredited prolapse surgeon Sheffield. 3,000+ surgeries, 4.98 Doctify rating. Private appointments, no GP referral needed.","follow, index, max-snippet:-1, max-video-preview:-1, max-image-preview:large",https://www.swatijha.com/,,1,[],2362,True,html/0fddbefa427dd780.html,
https://www.swatijha.com/uncategorized/,200,https://www.swatijha.com/uncategorized/,Uncategorized Archives - Professor Swati Jha,,0,,"follow, noindex",,,0,[],285,True,html/a0e29113c04e94a4.html,
https://www.swatijha.com/vaginal-prolapse-signs/,200,https://www.swatijha.com/vaginal-prolapse-signs/,Professor Swati Jha,Do I Have Vaginal Prolapse? Early Signs Women in Sheffield Should Not Ignore,1,",""column"":""20"",""row"":""20"",""isLinked"":true},""lqd_parallax_settings_trigger_start"":""top bottom"",""lqd_parallax_settings_trigger_end"":""bottom","follow, noindex",,,0,[],299,True,html/e7334ae5282eabe5.html,
