media_url,type,seen_on_pages,recommended,approval
https://www.swatijha.com/wp-content/uploads/2023/05/Onest-Black.woff,woff,28,NOT CARRIED — builder/theme artefact; 404 acceptable,PENDING
https://www.swatijha.com/wp-content/uploads/2023/05/Onest-Black.woff2,woff2,28,NOT CARRIED — builder/theme artefact; 404 acceptable,PENDING
https://www.swatijha.com/wp-content/uploads/2023/05/Onest-Bold.woff,woff,28,NOT CARRIED — builder/theme artefact; 404 acceptable,PENDING
https://www.swatijha.com/wp-content/uploads/2023/05/Onest-Bold.woff2,woff2,28,NOT CARRIED — builder/theme artefact; 404 acceptable,PENDING
https://www.swatijha.com/wp-content/uploads/2023/05/Onest-ExtraBold.woff,woff,28,NOT CARRIED — builder/theme artefact; 404 acceptable,PENDING
https://www.swatijha.com/wp-content/uploads/2023/05/Onest-ExtraBold.woff2,woff2,28,NOT CARRIED — builder/theme artefact; 404 acceptable,PENDING
https://www.swatijha.com/wp-content/uploads/2023/05/Onest-Light.woff,woff,28,NOT CARRIED — builder/theme artefact; 404 acceptable,PENDING
https://www.swatijha.com/wp-content/uploads/2023/05/Onest-Light.woff2,woff2,28,NOT CARRIED — builder/theme artefact; 404 acceptable,PENDING
https://www.swatijha.com/wp-content/uploads/2023/05/Onest-Medium.woff,woff,28,NOT CARRIED — builder/theme artefact; 404 acceptable,PENDING
https://www.swatijha.com/wp-content/uploads/2023/05/Onest-Medium.woff2,woff2,28,NOT CARRIED — builder/theme artefact; 404 acceptable,PENDING
https://www.swatijha.com/wp-content/uploads/2023/05/Onest-Regular.woff,woff,28,NOT CARRIED — builder/theme artefact; 404 acceptable,PENDING
https://www.swatijha.com/wp-content/uploads/2023/05/Onest-Regular.woff2,woff2,28,NOT CARRIED — builder/theme artefact; 404 acceptable,PENDING
https://www.swatijha.com/wp-content/uploads/2023/05/Onest-Thin.woff,woff,28,NOT CARRIED — builder/theme artefact; 404 acceptable,PENDING
https://www.swatijha.com/wp-content/uploads/2023/05/Onest-Thin.woff2,woff2,28,NOT CARRIED — builder/theme artefact; 404 acceptable,PENDING
https://www.swatijha.com/wp-content/uploads/2023/05/cropped-logo2-180x180.png,png,28,KEEP same path,PENDING
https://www.swatijha.com/wp-content/uploads/2023/05/cropped-logo2-192x192.png,png,28,KEEP same path,PENDING
https://www.swatijha.com/wp-content/uploads/2023/05/cropped-logo2-270x270.png,png,28,KEEP same path,PENDING
https://www.swatijha.com/wp-content/uploads/2023/05/cropped-logo2-32x32.png,png,28,KEEP same path,PENDING
https://www.swatijha.com/wp-content/uploads/2023/05/logo2.png,png,28,KEEP same path,PENDING
https://www.swatijha.com/wp-content/uploads/2025/03/Ant-Vag-repair-232x300.png,png,1,KEEP same path,PENDING
https://www.swatijha.com/wp-content/uploads/2025/03/Ant-Vag-repair-791x1024.png,png,1,KEEP same path,PENDING
https://www.swatijha.com/wp-content/uploads/2025/03/Ant-Vag-repair.png,png,1,KEEP same path,PENDING
https://www.swatijha.com/wp-content/uploads/2025/03/Colpocleisis-1183x1536.png,png,1,KEEP same path,PENDING
https://www.swatijha.com/wp-content/uploads/2025/03/Colpocleisis-231x300.png,png,1,KEEP same path,PENDING
https://www.swatijha.com/wp-content/uploads/2025/03/Colpocleisis-789x1024.png,png,1,KEEP same path,PENDING
https://www.swatijha.com/wp-content/uploads/2025/03/Colpocleisis.png,png,1,KEEP same path,PENDING
https://www.swatijha.com/wp-content/uploads/2025/03/Fascial-slings-231x300.png,png,1,KEEP same path,PENDING
https://www.swatijha.com/wp-content/uploads/2025/03/Fascial-slings-788x1024.png,png,1,KEEP same path,PENDING
https://www.swatijha.com/wp-content/uploads/2025/03/Fascial-slings.png,png,1,KEEP same path,PENDING
https://www.swatijha.com/wp-content/uploads/2025/03/IC-230x300.png,png,1,KEEP same path,PENDING
https://www.swatijha.com/wp-content/uploads/2025/03/IC-786x1024.png,png,1,KEEP same path,PENDING
https://www.swatijha.com/wp-content/uploads/2025/03/IC.png,png,1,KEEP same path,PENDING
https://www.swatijha.com/wp-content/uploads/2025/03/ISC-233x300.png,png,1,KEEP same path,PENDING
https://www.swatijha.com/wp-content/uploads/2025/03/ISC-794x1024.png,png,1,KEEP same path,PENDING
https://www.swatijha.com/wp-content/uploads/2025/03/ISC.png,png,1,KEEP same path,PENDING
https://www.swatijha.com/wp-content/uploads/2025/03/Laparoscopic-hysteropexy-1.mp4,mp4,1,KEEP same path,PENDING
https://www.swatijha.com/wp-content/uploads/2025/03/Laparoscopic-sacrocolpopexy.mp4,mp4,1,KEEP same path,PENDING
https://www.swatijha.com/wp-content/uploads/2025/03/OAB-230x300.png,png,1,KEEP same path,PENDING
https://www.swatijha.com/wp-content/uploads/2025/03/OAB-784x1024.png,png,1,KEEP same path,PENDING
https://www.swatijha.com/wp-content/uploads/2025/03/OAB.png,png,1,KEEP same path,PENDING
https://www.swatijha.com/wp-content/uploads/2025/03/POP-229x300.png,png,1,KEEP same path,PENDING
https://www.swatijha.com/wp-content/uploads/2025/03/POP-781x1024.png,png,1,KEEP same path,PENDING
https://www.swatijha.com/wp-content/uploads/2025/03/POP-800x1050.png,png,1,KEEP same path,PENDING
https://www.swatijha.com/wp-content/uploads/2025/03/POP.png,png,1,KEEP same path,PENDING
https://www.swatijha.com/wp-content/uploads/2025/03/Pelvic-floor-exercises-229x300.png,png,1,KEEP same path,PENDING
https://www.swatijha.com/wp-content/uploads/2025/03/Pelvic-floor-exercises-783x1024.png,png,1,KEEP same path,PENDING
https://www.swatijha.com/wp-content/uploads/2025/03/Pelvic-floor-exercises.png,png,1,KEEP same path,PENDING
https://www.swatijha.com/wp-content/uploads/2025/03/Post-vag-wall-surgery-231x300.png,png,1,KEEP same path,PENDING
https://www.swatijha.com/wp-content/uploads/2025/03/Post-vag-wall-surgery-789x1024.png,png,1,KEEP same path,PENDING
https://www.swatijha.com/wp-content/uploads/2025/03/Post-vag-wall-surgery.png,png,1,KEEP same path,PENDING
https://www.swatijha.com/wp-content/uploads/2025/03/Recovery-guide-after-vaginal-surgery-230x300.png,png,1,KEEP same path,PENDING
https://www.swatijha.com/wp-content/uploads/2025/03/Recovery-guide-after-vaginal-surgery-786x1024.png,png,1,KEEP same path,PENDING
https://www.swatijha.com/wp-content/uploads/2025/03/Recovery-guide-after-vaginal-surgery.png,png,1,KEEP same path,PENDING
https://www.swatijha.com/wp-content/uploads/2025/03/SUI-229x300.png,png,1,KEEP same path,PENDING
https://www.swatijha.com/wp-content/uploads/2025/03/SUI-781x1024.png,png,1,KEEP same path,PENDING
https://www.swatijha.com/wp-content/uploads/2025/03/SUI-800x1050.png,png,1,KEEP same path,PENDING
https://www.swatijha.com/wp-content/uploads/2025/03/SUI.png,png,1,KEEP same path,PENDING
https://www.swatijha.com/wp-content/uploads/2025/03/Sacrocolpopexy-231x300.png,png,1,KEEP same path,PENDING
https://www.swatijha.com/wp-content/uploads/2025/03/Sacrocolpopexy-787x1024.png,png,1,KEEP same path,PENDING
https://www.swatijha.com/wp-content/uploads/2025/03/Sacrocolpopexy.png,png,1,KEEP same path,PENDING
https://www.swatijha.com/wp-content/uploads/2025/03/Screenshot-2025-03-07-at-13.54.34-230x300.png,png,1,KEEP same path,PENDING
https://www.swatijha.com/wp-content/uploads/2025/03/Screenshot-2025-03-07-at-13.54.34-785x1024.png,png,1,KEEP same path,PENDING
https://www.swatijha.com/wp-content/uploads/2025/03/Screenshot-2025-03-07-at-13.54.34.png,png,1,KEEP same path,PENDING
https://www.swatijha.com/wp-content/uploads/2025/03/Screenshot-2025-03-07-at-13.57.15-228x300.png,png,1,KEEP same path,PENDING
https://www.swatijha.com/wp-content/uploads/2025/03/Screenshot-2025-03-07-at-13.57.15-779x1024.png,png,1,KEEP same path,PENDING
https://www.swatijha.com/wp-content/uploads/2025/03/Screenshot-2025-03-07-at-13.57.15.png,png,1,KEEP same path,PENDING
https://www.swatijha.com/wp-content/uploads/2025/03/TAH-204x300.png,png,1,KEEP same path,PENDING
https://www.swatijha.com/wp-content/uploads/2025/03/TAH-697x1024.png,png,1,KEEP same path,PENDING
https://www.swatijha.com/wp-content/uploads/2025/03/TAH.png,png,1,KEEP same path,PENDING
https://www.swatijha.com/wp-content/uploads/2025/03/Total-Abdominal-Hysterectomy-1-1-1.pdf,pdf,2,KEEP same path,PENDING
https://www.swatijha.com/wp-content/uploads/2025/03/UTI-231x300.png,png,1,KEEP same path,PENDING
https://www.swatijha.com/wp-content/uploads/2025/03/UTI-789x1024.png,png,1,KEEP same path,PENDING
https://www.swatijha.com/wp-content/uploads/2025/03/UTI.png,png,1,KEEP same path,PENDING
https://www.swatijha.com/wp-content/uploads/2025/03/Urethral-bulking-232x300.png,png,1,KEEP same path,PENDING
https://www.swatijha.com/wp-content/uploads/2025/03/Urethral-bulking-790x1024.png,png,1,KEEP same path,PENDING
https://www.swatijha.com/wp-content/uploads/2025/03/Urethral-bulking.png,png,1,KEEP same path,PENDING
https://www.swatijha.com/wp-content/uploads/2025/03/Urodynamics-230x300.png,png,1,KEEP same path,PENDING
https://www.swatijha.com/wp-content/uploads/2025/03/Urodynamics-784x1024.png,png,1,KEEP same path,PENDING
https://www.swatijha.com/wp-content/uploads/2025/03/Urodynamics.png,png,1,KEEP same path,PENDING
https://www.swatijha.com/wp-content/uploads/2025/03/VH-for-prolapse-229x300.png,png,1,KEEP same path,PENDING
https://www.swatijha.com/wp-content/uploads/2025/03/VH-for-prolapse-781x1024.png,png,1,KEEP same path,PENDING
https://www.swatijha.com/wp-content/uploads/2025/03/VH-for-prolapse.png,png,1,KEEP same path,PENDING
https://www.swatijha.com/wp-content/uploads/2025/03/VH-mp4.mp4,mp4,1,KEEP same path,PENDING
https://www.swatijha.com/wp-content/uploads/2025/03/bladder-diary-1-228x300.png,png,1,KEEP same path,PENDING
https://www.swatijha.com/wp-content/uploads/2025/03/bladder-diary-1-779x1024.png,png,1,KEEP same path,PENDING
https://www.swatijha.com/wp-content/uploads/2025/03/bladder-diary-1.png,png,1,KEEP same path,PENDING
https://www.swatijha.com/wp-content/uploads/2025/03/bladder-training-228x300.png,png,1,KEEP same path,PENDING
https://www.swatijha.com/wp-content/uploads/2025/03/bladder-training-778x1024.png,png,1,KEEP same path,PENDING
https://www.swatijha.com/wp-content/uploads/2025/03/bladder-training.png,png,1,KEEP same path,PENDING
https://www.swatijha.com/wp-content/uploads/2025/03/botox-233x300.png,png,1,KEEP same path,PENDING
https://www.swatijha.com/wp-content/uploads/2025/03/botox-795x1024.png,png,1,KEEP same path,PENDING
https://www.swatijha.com/wp-content/uploads/2025/03/botox.png,png,1,KEEP same path,PENDING
https://www.swatijha.com/wp-content/uploads/2025/03/bulkmaid.mp4,mp4,1,KEEP same path,PENDING
https://www.swatijha.com/wp-content/uploads/2025/03/constipation-229x300.png,png,1,KEEP same path,PENDING
https://www.swatijha.com/wp-content/uploads/2025/03/constipation-783x1024.png,png,1,KEEP same path,PENDING
https://www.swatijha.com/wp-content/uploads/2025/03/constipation.png,png,1,KEEP same path,PENDING
https://www.swatijha.com/wp-content/uploads/2025/03/cystoscopy-230x300.png,png,1,KEEP same path,PENDING
https://www.swatijha.com/wp-content/uploads/2025/03/cystoscopy-784x1024.png,png,1,KEEP same path,PENDING
https://www.swatijha.com/wp-content/uploads/2025/03/cystoscopy.png,png,1,KEEP same path,PENDING
https://www.swatijha.com/wp-content/uploads/2025/03/labiaplasty-231x300.png,png,1,KEEP same path,PENDING
https://www.swatijha.com/wp-content/uploads/2025/03/labiaplasty-787x1024.png,png,1,KEEP same path,PENDING
https://www.swatijha.com/wp-content/uploads/2025/03/labiaplasty.png,png,1,KEEP same path,PENDING
https://www.swatijha.com/wp-content/uploads/2025/03/low-dose-vag-estrogen-therapy-232x300.png,png,1,KEEP same path,PENDING
https://www.swatijha.com/wp-content/uploads/2025/03/low-dose-vag-estrogen-therapy-792x1024.png,png,1,KEEP same path,PENDING
https://www.swatijha.com/wp-content/uploads/2025/03/low-dose-vag-estrogen-therapy.png,png,1,KEEP same path,PENDING
https://www.swatijha.com/wp-content/uploads/2025/03/sacrospinous-fixation-229x300.png,png,1,KEEP same path,PENDING
https://www.swatijha.com/wp-content/uploads/2025/03/sacrospinous-fixation-781x1024.png,png,1,KEEP same path,PENDING
https://www.swatijha.com/wp-content/uploads/2025/03/sacrospinous-fixation-800x1050.png,png,1,KEEP same path,PENDING
https://www.swatijha.com/wp-content/uploads/2025/03/sacrospinous-fixation.png,png,1,KEEP same path,PENDING
https://www.swatijha.com/wp-content/uploads/2025/03/surgery-for-SI-211x300.png,png,1,KEEP same path,PENDING
https://www.swatijha.com/wp-content/uploads/2025/03/surgery-for-SI-720x1024.png,png,1,KEEP same path,PENDING
https://www.swatijha.com/wp-content/uploads/2025/03/surgery-for-SI.png,png,1,KEEP same path,PENDING
https://www.swatijha.com/wp-content/uploads/2025/03/surgery-for-uterine-prolapse-211x300.png,png,1,KEEP same path,PENDING
https://www.swatijha.com/wp-content/uploads/2025/03/surgery-for-uterine-prolapse-721x1024.png,png,1,KEEP same path,PENDING
https://www.swatijha.com/wp-content/uploads/2025/03/surgery-for-uterine-prolapse.png,png,1,KEEP same path,PENDING
https://www.swatijha.com/wp-content/uploads/2025/03/surgery-for-vaginal-vault-prolapse-211x300.png,png,1,KEEP same path,PENDING
https://www.swatijha.com/wp-content/uploads/2025/03/surgery-for-vaginal-vault-prolapse-720x1024.png,png,1,KEEP same path,PENDING
https://www.swatijha.com/wp-content/uploads/2025/03/surgery-for-vaginal-vault-prolapse.png,png,1,KEEP same path,PENDING
https://www.swatijha.com/wp-content/uploads/2025/03/uterosacral-ligament-suspension-232x300.png,png,1,KEEP same path,PENDING
https://www.swatijha.com/wp-content/uploads/2025/03/uterosacral-ligament-suspension-793x1024.png,png,1,KEEP same path,PENDING
https://www.swatijha.com/wp-content/uploads/2025/03/uterosacral-ligament-suspension.png,png,1,KEEP same path,PENDING
https://www.swatijha.com/wp-content/uploads/2025/06/BBC-Sounds-Audio-16-June-2025.m4a,m4a,1,KEEP same path,PENDING
https://www.swatijha.com/wp-content/uploads/2025/06/Screenshot-2025-06-18-at-12.42.15-1024x281.png,png,1,KEEP same path,PENDING
https://www.swatijha.com/wp-content/uploads/2025/06/Screenshot-2025-06-18-at-12.42.15-1536x421.png,png,1,KEEP same path,PENDING
https://www.swatijha.com/wp-content/uploads/2025/06/Screenshot-2025-06-18-at-12.42.15-2048x561.png,png,1,KEEP same path,PENDING
https://www.swatijha.com/wp-content/uploads/2025/06/Screenshot-2025-06-18-at-12.42.15-300x82.png,png,1,KEEP same path,PENDING
https://www.swatijha.com/wp-content/uploads/2025/06/Screenshot-2025-06-18-at-12.42.15.png,png,1,KEEP same path,PENDING
https://www.swatijha.com/wp-content/uploads/2026/04/Claremont-1024x563.jpg,jpg,2,KEEP same path,PENDING
https://www.swatijha.com/wp-content/uploads/2026/04/Claremont-300x165.jpg,jpg,2,KEEP same path,PENDING
https://www.swatijha.com/wp-content/uploads/2026/04/Claremont.jpg,jpg,2,KEEP same path,PENDING
https://www.swatijha.com/wp-content/uploads/2026/04/Gynae-for-obst_resized-225x300.jpg,jpg,1,KEEP same path,PENDING
https://www.swatijha.com/wp-content/uploads/2026/04/Gynae-for-obst_resized.jpg,jpg,1,KEEP same path,PENDING
https://www.swatijha.com/wp-content/uploads/2026/04/ML-issues_resized-225x300.jpg,jpg,1,KEEP same path,PENDING
https://www.swatijha.com/wp-content/uploads/2026/04/ML-issues_resized.jpg,jpg,1,KEEP same path,PENDING
https://www.swatijha.com/wp-content/uploads/2026/04/Thornbury-Hospital-1024x563.webp,webp,2,KEEP same path,PENDING
https://www.swatijha.com/wp-content/uploads/2026/04/Thornbury-Hospital-300x165.webp,webp,2,KEEP same path,PENDING
https://www.swatijha.com/wp-content/uploads/2026/04/Thornbury-Hospital.webp,webp,2,KEEP same path,PENDING
https://www.swatijha.com/wp-content/uploads/2026/04/Transgender-Health.-Best-Practice-Research-Clinical-Obstetrics-Gynaecology-_resized-225x300.jpg,jpg,1,KEEP same path,PENDING
https://www.swatijha.com/wp-content/uploads/2026/04/Transgender-Health.-Best-Practice-Research-Clinical-Obstetrics-Gynaecology-_resized.jpg,jpg,1,KEEP same path,PENDING
https://www.swatijha.com/wp-content/uploads/2026/04/lessons-from-ML-cases_resized-225x300.jpg,jpg,1,KEEP same path,PENDING
https://www.swatijha.com/wp-content/uploads/2026/04/lessons-from-ML-cases_resized.jpg,jpg,1,KEEP same path,PENDING
https://www.swatijha.com/wp-content/uploads/2026/04/menopause_cancer_resized-225x300.webp,webp,1,KEEP same path,PENDING
https://www.swatijha.com/wp-content/uploads/2026/04/menopause_cancer_resized.webp,webp,1,KEEP same path,PENDING
https://www.swatijha.com/wp-content/uploads/2026/04/portrait_600px_height-227x300.jpg,jpg,1,KEEP same path,PENDING
https://www.swatijha.com/wp-content/uploads/2026/04/portrait_600px_height.jpg,jpg,3,KEEP same path,PENDING
https://www.swatijha.com/wp-content/uploads/2026/05/bms-membership-560x260-1.webp,webp,1,KEEP same path,PENDING
https://www.swatijha.com/wp-content/uploads/2026/05/britspag-membership-560x260-1.webp,webp,1,KEEP same path,PENDING
https://www.swatijha.com/wp-content/uploads/2026/05/bsug-membership-560x260-1.webp,webp,1,KEEP same path,PENDING
https://www.swatijha.com/wp-content/uploads/2026/05/ics-membership-560x260-1.webp,webp,1,KEEP same path,PENDING
https://www.swatijha.com/wp-content/uploads/2026/05/iuga-membership-560x260-1.webp,webp,1,KEEP same path,PENDING
https://www.swatijha.com/wp-content/uploads/2026/05/rcog-membership-560x260-1.webp,webp,1,KEEP same path,PENDING
https://www.swatijha.com/wp-content/uploads/2026/05/sheffield_prolapse_blog-1-1024x576.webp,webp,1,KEEP same path,PENDING
https://www.swatijha.com/wp-content/uploads/2026/05/sheffield_prolapse_blog-1-1536x864.webp,webp,1,KEEP same path,PENDING
https://www.swatijha.com/wp-content/uploads/2026/05/sheffield_prolapse_blog-1-300x169.webp,webp,1,KEEP same path,PENDING
https://www.swatijha.com/wp-content/uploads/2026/05/sheffield_prolapse_blog-1.webp,webp,1,KEEP same path,PENDING
https://www.swatijha.com/wp-content/uploads/2026/05/ukcs-membership-560x260-1.webp,webp,1,KEEP same path,PENDING
https://www.swatijha.com/wp-content/uploads/2026/06/Prof_Swati_Jha_Consultation_1x1_under100kb.webp,webp,1,KEEP same path,PENDING
https://www.swatijha.com/wp-content/uploads/2026/08/video-consultation.webp,webp,1,KEEP same path,PENDING
https://www.swatijha.com/wp-content/uploads/elementor/css/custom-frontend.css,css,28,NOT CARRIED — builder/theme artefact; 404 acceptable,PENDING
https://www.swatijha.com/wp-content/uploads/elementor/css/custom-widget-icon-box.min.css,css,1,NOT CARRIED — builder/theme artefact; 404 acceptable,PENDING
https://www.swatijha.com/wp-content/uploads/elementor/css/custom-widget-image-box.min.css,css,2,NOT CARRIED — builder/theme artefact; 404 acceptable,PENDING
https://www.swatijha.com/wp-content/uploads/elementor/css/post-10195.css,css,1,NOT CARRIED — builder/theme artefact; 404 acceptable,PENDING
https://www.swatijha.com/wp-content/uploads/elementor/css/post-10829.css,css,26,NOT CARRIED — builder/theme artefact; 404 acceptable,PENDING
https://www.swatijha.com/wp-content/uploads/elementor/css/post-10933.css,css,1,NOT CARRIED — builder/theme artefact; 404 acceptable,PENDING
https://www.swatijha.com/wp-content/uploads/elementor/css/post-11241.css,css,1,NOT CARRIED — builder/theme artefact; 404 acceptable,PENDING
https://www.swatijha.com/wp-content/uploads/elementor/css/post-12106.css,css,1,NOT CARRIED — builder/theme artefact; 404 acceptable,PENDING
https://www.swatijha.com/wp-content/uploads/elementor/css/post-1220.css,css,27,NOT CARRIED — builder/theme artefact; 404 acceptable,PENDING
https://www.swatijha.com/wp-content/uploads/elementor/css/post-13004.css,css,1,NOT CARRIED — builder/theme artefact; 404 acceptable,PENDING
https://www.swatijha.com/wp-content/uploads/elementor/css/post-13047.css,css,1,NOT CARRIED — builder/theme artefact; 404 acceptable,PENDING
https://www.swatijha.com/wp-content/uploads/elementor/css/post-13068.css,css,1,NOT CARRIED — builder/theme artefact; 404 acceptable,PENDING
https://www.swatijha.com/wp-content/uploads/elementor/css/post-13096.css,css,1,NOT CARRIED — builder/theme artefact; 404 acceptable,PENDING
https://www.swatijha.com/wp-content/uploads/elementor/css/post-13104.css,css,1,NOT CARRIED — builder/theme artefact; 404 acceptable,PENDING
https://www.swatijha.com/wp-content/uploads/elementor/css/post-13119.css,css,1,NOT CARRIED — builder/theme artefact; 404 acceptable,PENDING
https://www.swatijha.com/wp-content/uploads/elementor/css/post-13130.css,css,1,NOT CARRIED — builder/theme artefact; 404 acceptable,PENDING
https://www.swatijha.com/wp-content/uploads/elementor/css/post-13168.css,css,1,NOT CARRIED — builder/theme artefact; 404 acceptable,PENDING
https://www.swatijha.com/wp-content/uploads/elementor/css/post-13169.css,css,1,NOT CARRIED — builder/theme artefact; 404 acceptable,PENDING
https://www.swatijha.com/wp-content/uploads/elementor/css/post-13170.css,css,1,NOT CARRIED — builder/theme artefact; 404 acceptable,PENDING
https://www.swatijha.com/wp-content/uploads/elementor/css/post-13967.css,css,1,NOT CARRIED — builder/theme artefact; 404 acceptable,PENDING
https://www.swatijha.com/wp-content/uploads/elementor/css/post-14005.css,css,1,NOT CARRIED — builder/theme artefact; 404 acceptable,PENDING
https://www.swatijha.com/wp-content/uploads/elementor/css/post-5.css,css,28,NOT CARRIED — builder/theme artefact; 404 acceptable,PENDING
https://www.swatijha.com/wp-content/uploads/elementor/css/post-6544.css,css,1,NOT CARRIED — builder/theme artefact; 404 acceptable,PENDING
https://www.swatijha.com/wp-content/uploads/elementor/css/post-6690.css,css,1,NOT CARRIED — builder/theme artefact; 404 acceptable,PENDING
https://www.swatijha.com/wp-content/uploads/elementor/css/post-7507.css,css,1,NOT CARRIED — builder/theme artefact; 404 acceptable,PENDING
https://www.swatijha.com/wp-content/uploads/elementor/css/post-7521.css,css,1,NOT CARRIED — builder/theme artefact; 404 acceptable,PENDING
https://www.swatijha.com/wp-content/uploads/elementor/css/post-8953.css,css,1,NOT CARRIED — builder/theme artefact; 404 acceptable,PENDING
https://www.swatijha.com/wp-content/uploads/elementor/css/post-9043.css,css,1,NOT CARRIED — builder/theme artefact; 404 acceptable,PENDING
https://www.swatijha.com/wp-content/uploads/elementor/css/post-9211.css,css,1,NOT CARRIED — builder/theme artefact; 404 acceptable,PENDING
https://www.swatijha.com/wp-content/uploads/elementor/css/post-9810.css,css,1,NOT CARRIED — builder/theme artefact; 404 acceptable,PENDING
https://www.swatijha.com/wp-content/uploads/elementor/css/post-9870.css,css,1,NOT CARRIED — builder/theme artefact; 404 acceptable,PENDING
https://www.swatijha.com/wp-content/uploads/elementor/google-fonts/css/cormorantgaramond.css,css,28,NOT CARRIED — builder/theme artefact; 404 acceptable,PENDING
https://www.swatijha.com/wp-content/uploads/elementor/google-fonts/css/cormorantinfant.css,css,2,NOT CARRIED — builder/theme artefact; 404 acceptable,PENDING
https://www.swatijha.com/wp-content/uploads/liquid-styles/liquid-utils.css,css,28,NOT CARRIED — builder/theme artefact; 404 acceptable,PENDING
