old_url,proposed_new_url,action,http_status,current_canonical,current_robots,destination_model,reason,search_value,approval,redirect_code
https://www.swatijha.com/,https://www.swatijha.com/,KEEP URL / IMPROVE,200,https://www.swatijha.com/,"follow, index, max-snippet:-1, max-video-preview:-1, max-image-preview:large",Native front page + selected entities,Preserve existing public route; rebuild useful content as native blocks,UNKNOWN — GSC/backlinks/logs not accessed,PENDING,NONE until explicitly approved
https://www.swatijha.com/vaginal-pessary/,https://www.swatijha.com/vaginal-pessary/,KEEP URL / IMPROVE,200,https://www.swatijha.com/vaginal-pessary/,"follow, index, max-snippet:-1, max-video-preview:-1, max-image-preview:large",Page + related clinical entities,Preserve existing public route; rebuild useful content as native blocks,UNKNOWN — GSC/backlinks/logs not accessed,PENDING,NONE until explicitly approved
https://www.swatijha.com/preservation-surgery-sheffield/,https://www.swatijha.com/preservation-surgery-sheffield/,KEEP URL / IMPROVE,200,https://www.swatijha.com/preservation-surgery-sheffield/,"follow, index, max-snippet:-1, max-video-preview:-1, max-image-preview:large",Page + related clinical entities,Preserve existing public route; rebuild useful content as native blocks,UNKNOWN — GSC/backlinks/logs not accessed,PENDING,NONE until explicitly approved
https://www.swatijha.com/menopause-management-sheffield/,https://www.swatijha.com/menopause-management-sheffield/,KEEP URL / IMPROVE,200,https://www.swatijha.com/menopause-management-sheffield/,"follow, index, max-snippet:-1, max-video-preview:-1, max-image-preview:large",Page + related clinical entities,Preserve existing public route; rebuild useful content as native blocks,UNKNOWN — GSC/backlinks/logs not accessed,PENDING,NONE until explicitly approved
https://www.swatijha.com/surgical-treatment-sheffield/,https://www.swatijha.com/surgical-treatment-sheffield/,KEEP URL / IMPROVE,200,https://www.swatijha.com/surgical-treatment-sheffield/,"follow, index, max-snippet:-1, max-video-preview:-1, max-image-preview:large",Page + related clinical entities,Preserve existing public route; rebuild useful content as native blocks,UNKNOWN — GSC/backlinks/logs not accessed,PENDING,NONE until explicitly approved
https://www.swatijha.com/vaginal-prolapse-treatment-sheffield/,https://www.swatijha.com/vaginal-prolapse-treatment-sheffield/,KEEP URL / IMPROVE,200,https://www.swatijha.com/vaginal-prolapse-treatment-sheffield/,"follow, index, max-snippet:-1, max-video-preview:-1, max-image-preview:large",Page + related clinical entities,Preserve existing public route; rebuild useful content as native blocks,UNKNOWN — GSC/backlinks/logs not accessed,PENDING,NONE until explicitly approved
https://www.swatijha.com/urinary-incontinence-treatment-sheffield/,https://www.swatijha.com/urinary-incontinence-treatment-sheffield/,KEEP URL / IMPROVE,200,https://www.swatijha.com/urinary-incontinence-treatment-sheffield/,"follow, index, max-snippet:-1, max-video-preview:-1, max-image-preview:large",Page + related clinical entities,Preserve existing public route; rebuild useful content as native blocks,UNKNOWN — GSC/backlinks/logs not accessed,PENDING,NONE until explicitly approved
https://www.swatijha.com/about/,https://www.swatijha.com/about/,KEEP URL / IMPROVE,200,https://www.swatijha.com/about/,"follow, index, max-snippet:-1, max-video-preview:-1, max-image-preview:large",Page + sj_clinician + credentials/roles/publications,Preserve existing public route; rebuild useful content as native blocks,UNKNOWN — GSC/backlinks/logs not accessed,PENDING,NONE until explicitly approved
https://www.swatijha.com/paediatric-gynaecology/,https://www.swatijha.com/paediatric-gynaecology/,KEEP URL / IMPROVE,200,https://www.swatijha.com/paediatric-gynaecology/,"follow, index, max-snippet:-1, max-video-preview:-1, max-image-preview:large",Page + related clinical entities,Preserve existing public route; rebuild useful content as native blocks,UNKNOWN — GSC/backlinks/logs not accessed,PENDING,NONE until explicitly approved
https://www.swatijha.com/clinic/,https://www.swatijha.com/clinic/,KEEP URL / IMPROVE,200,https://www.swatijha.com/clinic/,"follow, index, max-snippet:-1, max-video-preview:-1, max-image-preview:large",Page + sj_location + practice settings,Preserve existing public route; rebuild useful content as native blocks,UNKNOWN — GSC/backlinks/logs not accessed,PENDING,NONE until explicitly approved
https://www.swatijha.com/recurrent-prolapse-treatment-sheffield/,https://www.swatijha.com/recurrent-prolapse-treatment-sheffield/,KEEP URL / IMPROVE,200,https://www.swatijha.com/recurrent-prolapse-treatment-sheffield/,"follow, index, max-snippet:-1, max-video-preview:-1, max-image-preview:large",Page + related clinical entities,Preserve existing public route; rebuild useful content as native blocks,UNKNOWN — GSC/backlinks/logs not accessed,PENDING,NONE until explicitly approved
https://www.swatijha.com/non-surgical-prolapse-treatment/,https://www.swatijha.com/non-surgical-prolapse-treatment/,KEEP URL / IMPROVE,200,https://www.swatijha.com/non-surgical-prolapse-treatment/,"follow, index, max-snippet:-1, max-video-preview:-1, max-image-preview:large",Page + related clinical entities,Preserve existing public route; rebuild useful content as native blocks,UNKNOWN — GSC/backlinks/logs not accessed,PENDING,NONE until explicitly approved
https://www.swatijha.com/privacy-notice/,https://www.swatijha.com/privacy-notice/,KEEP URL / IMPROVE,200,https://www.swatijha.com/privacy-notice/,"follow, index, max-snippet:-1, max-video-preview:-1, max-image-preview:large",Native Page; approved privacy text,Preserve existing public route; rebuild useful content as native blocks,UNKNOWN — GSC/backlinks/logs not accessed,PENDING,NONE until explicitly approved
https://www.swatijha.com/book-consultation/,https://www.swatijha.com/book-consultation/,KEEP URL / IMPROVE,200,https://www.swatijha.com/book-consultation/,"follow, index, max-snippet:-1, max-video-preview:-1, max-image-preview:large",Page + sj_service + locations,Preserve existing public route; rebuild useful content as native blocks,UNKNOWN — GSC/backlinks/logs not accessed,PENDING,NONE until explicitly approved
https://www.swatijha.com/contact/,https://www.swatijha.com/contact/,KEEP URL / IMPROVE,200,https://www.swatijha.com/contact/,"follow, index, max-snippet:-1, max-video-preview:-1, max-image-preview:large",Page + sj_location + practice settings,Preserve existing public route; rebuild useful content as native blocks,UNKNOWN — GSC/backlinks/logs not accessed,PENDING,NONE until explicitly approved
https://www.swatijha.com/vulval-problems-labiaplasty/,https://www.swatijha.com/vulval-problems-labiaplasty/,KEEP URL / IMPROVE,200,https://www.swatijha.com/vulval-problems-labiaplasty/,"follow, index, max-snippet:-1, max-video-preview:-1, max-image-preview:large",Page + related clinical entities,Preserve existing public route; rebuild useful content as native blocks,UNKNOWN — GSC/backlinks/logs not accessed,PENDING,NONE until explicitly approved
https://www.swatijha.com/virtual-consultation/,https://www.swatijha.com/virtual-consultation/,KEEP URL / IMPROVE,200,https://www.swatijha.com/virtual-consultation/,"follow, index, max-snippet:-1, max-video-preview:-1, max-image-preview:large",Page + sj_service + locations,Preserve existing public route; rebuild useful content as native blocks,UNKNOWN — GSC/backlinks/logs not accessed,PENDING,NONE until explicitly approved
https://www.swatijha.com/vaginal-vault-prolapse-sheffield/,https://www.swatijha.com/vaginal-vault-prolapse-sheffield/,KEEP URL / IMPROVE,200,https://www.swatijha.com/vaginal-vault-prolapse-sheffield/,"follow, index, max-snippet:-1, max-video-preview:-1, max-image-preview:large",Page + related clinical entities,Preserve existing public route; rebuild useful content as native blocks,UNKNOWN — GSC/backlinks/logs not accessed,PENDING,NONE until explicitly approved
https://www.swatijha.com/testimonials/,https://www.swatijha.com/testimonials/,KEEP URL / IMPROVE,200,https://www.swatijha.com/testimonials/,"follow, index, max-snippet:-1, max-video-preview:-1, max-image-preview:large",Page + moderated sj_review / maintained review source,Preserve existing public route; rebuild useful content as native blocks,UNKNOWN — GSC/backlinks/logs not accessed,PENDING,NONE until explicitly approved
https://www.swatijha.com/symptoms/,https://www.swatijha.com/symptoms/,KEEP URL / IMPROVE,200,https://www.swatijha.com/symptoms/,"follow, index, max-snippet:-1, max-video-preview:-1, max-image-preview:large",Page + related clinical entities,Preserve existing public route; rebuild useful content as native blocks,UNKNOWN — GSC/backlinks/logs not accessed,PENDING,NONE until explicitly approved
https://www.swatijha.com/types/,https://www.swatijha.com/types/,KEEP URL / IMPROVE,200,https://www.swatijha.com/types/,"follow, index, max-snippet:-1, max-video-preview:-1, max-image-preview:large",Page + related clinical entities,Preserve existing public route; rebuild useful content as native blocks,UNKNOWN — GSC/backlinks/logs not accessed,PENDING,NONE until explicitly approved
https://www.swatijha.com/diagnosis/,https://www.swatijha.com/diagnosis/,KEEP URL / IMPROVE,200,https://www.swatijha.com/diagnosis/,"follow, index, max-snippet:-1, max-video-preview:-1, max-image-preview:large",Page + related clinical entities,Preserve existing public route; rebuild useful content as native blocks,UNKNOWN — GSC/backlinks/logs not accessed,PENDING,NONE until explicitly approved
https://www.swatijha.com/videos/,https://www.swatijha.com/videos/,KEEP URL / IMPROVE,200,https://www.swatijha.com/videos/,"follow, index, max-snippet:-1, max-video-preview:-1, max-image-preview:large",Page + sj_resource / attachments and source references,Preserve existing public route; rebuild useful content as native blocks,UNKNOWN — GSC/backlinks/logs not accessed,PENDING,NONE until explicitly approved
https://www.swatijha.com/leaflets/,https://www.swatijha.com/leaflets/,KEEP URL / IMPROVE,200,https://www.swatijha.com/leaflets/,"follow, index, max-snippet:-1, max-video-preview:-1, max-image-preview:large",Page + sj_resource / attachments and source references,Preserve existing public route; rebuild useful content as native blocks,UNKNOWN — GSC/backlinks/logs not accessed,PENDING,NONE until explicitly approved
https://www.swatijha.com/?liquid-footer=home,PENDING APPROVAL,HOLD / RETIRE CANDIDATE,200,https://www.swatijha.com/?liquid-footer=home,"follow, index, max-snippet:-1, max-video-preview:-1, max-image-preview:large",Theme template part; no public entity page,"Legacy theme template URL, not a new content route. Check GSC/backlinks/logs before deciding 410 or relevant 301",UNKNOWN — GSC/backlinks/logs not accessed,PENDING,NONE until explicitly approved
https://www.swatijha.com/liquid-archives/blog/,PENDING APPROVAL,HOLD / RETIRE CANDIDATE,200,https://www.swatijha.com/liquid-archives/blog/,"follow, index, max-snippet:-1, max-video-preview:-1, max-image-preview:large",Theme template part; no public entity page,"Legacy theme template URL, not a new content route. Check GSC/backlinks/logs before deciding 410 or relevant 301",UNKNOWN — GSC/backlinks/logs not accessed,PENDING,NONE until explicitly approved
https://www.swatijha.com,https://www.swatijha.com/,KEEP URL / IMPROVE,200,https://www.swatijha.com/,"follow, index, max-snippet:-1, max-video-preview:-1, max-image-preview:large",Native front page + selected entities,Preserve existing public route; rebuild useful content as native blocks,UNKNOWN — GSC/backlinks/logs not accessed,PENDING,NONE until explicitly approved
https://www.swatijha.com/uncategorized/,https://www.swatijha.com/uncategorized/,HOLD / NOINDEX,200,,"follow, noindex",Archive only if useful; keep noindex pending review,Currently noindex archive; inspect content and history before retirement,UNKNOWN — GSC/backlinks/logs not accessed,PENDING,NONE until explicitly approved
https://www.swatijha.com/vaginal-prolapse-signs/,https://www.swatijha.com/vaginal-prolapse-signs/,HOLD / REVIEW OVERLAP,200,,"follow, noindex",Page or merge candidate; clinical/content review,Currently noindex; compare with /symptoms/ before retention or merge. Do not create redirect without approval,UNKNOWN — GSC/backlinks/logs not accessed,PENDING,NONE until explicitly approved
