id,section,old_url,live_status,live_robots,live_title,recommended_disposition,new_url,redirect_code,rationale,evidence_before_signoff,decision_owner,approval,approved_by,approved_on,notes
P01,Pages,https://www.swatijha.com/,200,"follow, index, max-snippet:-1, max-video-preview:-1, max-image-preview:large",Prolapse Surgeon Sheffield | Professor Swati Jha,KEEP,https://www.swatijha.com/,none,"Indexed, self-canonical, in sitemap; URL retained, content rebuilt as native blocks",GSC 16-month clicks/impressions; backlinks; Rank Math redirect export,Pravin (SEO) + Prof Jha (clinical content),PENDING,,,Live title/description to be imported as seo_title/seo_description (requires review item H3)
P02,Pages,https://www.swatijha.com/vaginal-pessary/,200,"follow, index, max-snippet:-1, max-video-preview:-1, max-image-preview:large",Vaginal Pessary Treatment | Professor Swati Jha,KEEP,https://www.swatijha.com/vaginal-pessary/,none,"Indexed, self-canonical, in sitemap; URL retained, content rebuilt as native blocks",GSC 16-month clicks/impressions; backlinks; Rank Math redirect export,Pravin (SEO) + Prof Jha (clinical content),PENDING,,,Live title/description to be imported as seo_title/seo_description (requires review item H3)
P03,Pages,https://www.swatijha.com/preservation-surgery-sheffield/,200,"follow, index, max-snippet:-1, max-video-preview:-1, max-image-preview:large",Uterine Preservation Surgery Sheffield | Professor Swati Jha,KEEP,https://www.swatijha.com/preservation-surgery-sheffield/,none,"Indexed, self-canonical, in sitemap; URL retained, content rebuilt as native blocks",GSC 16-month clicks/impressions; backlinks; Rank Math redirect export,Pravin (SEO) + Prof Jha (clinical content),PENDING,,,Live title/description to be imported as seo_title/seo_description (requires review item H3)
P04,Pages,https://www.swatijha.com/menopause-management-sheffield/,200,"follow, index, max-snippet:-1, max-video-preview:-1, max-image-preview:large",Menopause Management Sheffield | Professor Swati Jha,KEEP,https://www.swatijha.com/menopause-management-sheffield/,none,"Indexed, self-canonical, in sitemap; URL retained, content rebuilt as native blocks",GSC 16-month clicks/impressions; backlinks; Rank Math redirect export,Pravin (SEO) + Prof Jha (clinical content),PENDING,,,Live title/description to be imported as seo_title/seo_description (requires review item H3)
P05,Pages,https://www.swatijha.com/surgical-treatment-sheffield/,200,"follow, index, max-snippet:-1, max-video-preview:-1, max-image-preview:large",Prolapse Surgery Sheffield | Professor Swati Jha,KEEP,https://www.swatijha.com/surgical-treatment-sheffield/,none,"Indexed, self-canonical, in sitemap; URL retained, content rebuilt as native blocks",GSC 16-month clicks/impressions; backlinks; Rank Math redirect export,Pravin (SEO) + Prof Jha (clinical content),PENDING,,,Live title/description to be imported as seo_title/seo_description (requires review item H3)
P06,Pages,https://www.swatijha.com/vaginal-prolapse-treatment-sheffield/,200,"follow, index, max-snippet:-1, max-video-preview:-1, max-image-preview:large",Vaginal Prolapse Treatment Sheffield | Prof Swati Jha,KEEP,https://www.swatijha.com/vaginal-prolapse-treatment-sheffield/,none,"Indexed, self-canonical, in sitemap; URL retained, content rebuilt as native blocks",GSC 16-month clicks/impressions; backlinks; Rank Math redirect export,Pravin (SEO) + Prof Jha (clinical content),PENDING,,,Flagship hub. Mesh wording conflict (homepage vs page spec) must be resolved with Prof Jha before clinical sign-off
P07,Pages,https://www.swatijha.com/urinary-incontinence-treatment-sheffield/,200,"follow, index, max-snippet:-1, max-video-preview:-1, max-image-preview:large",Urinary Incontinence Treatment Sheffield | Professor Swati Jha,KEEP,https://www.swatijha.com/urinary-incontinence-treatment-sheffield/,none,"Indexed, self-canonical, in sitemap; URL retained, content rebuilt as native blocks",GSC 16-month clicks/impressions; backlinks; Rank Math redirect export,Pravin (SEO) + Prof Jha (clinical content),PENDING,,,Live title/description to be imported as seo_title/seo_description (requires review item H3)
P08,Pages,https://www.swatijha.com/about/,200,"follow, index, max-snippet:-1, max-video-preview:-1, max-image-preview:large",About Professor Swati Jha — Consultant Urogynaecologist Sheffield,KEEP,https://www.swatijha.com/about/,none,"Indexed, self-canonical, in sitemap; URL retained, content rebuilt as native blocks",GSC 16-month clicks/impressions; backlinks; Rank Math redirect export,Pravin (SEO) + Prof Jha (clinical content),PENDING,,,Live title/description to be imported as seo_title/seo_description (requires review item H3)
P09,Pages,https://www.swatijha.com/paediatric-gynaecology/,200,"follow, index, max-snippet:-1, max-video-preview:-1, max-image-preview:large",Paediatric And Adolescent Gynaecology Sheffield | Prof Swati Jha,KEEP,https://www.swatijha.com/paediatric-gynaecology/,none,"Indexed, self-canonical, in sitemap; URL retained, content rebuilt as native blocks",GSC 16-month clicks/impressions; backlinks; Rank Math redirect export,Pravin (SEO) + Prof Jha (clinical content),PENDING,,,Live title/description to be imported as seo_title/seo_description (requires review item H3)
P10,Pages,https://www.swatijha.com/clinic/,200,"follow, index, max-snippet:-1, max-video-preview:-1, max-image-preview:large",Professor Swati Jha — Urogynaecology Clinic Sheffield,KEEP,https://www.swatijha.com/clinic/,none,"Indexed, self-canonical, in sitemap; URL retained, content rebuilt as native blocks",GSC 16-month clicks/impressions; backlinks; Rank Math redirect export,Pravin (SEO) + Prof Jha (clinical content),PENDING,,,Live title/description to be imported as seo_title/seo_description (requires review item H3)
P11,Pages,https://www.swatijha.com/recurrent-prolapse-treatment-sheffield/,200,"follow, index, max-snippet:-1, max-video-preview:-1, max-image-preview:large",Recurrent Prolapse Treatment Sheffield | Professor Swati Jha,KEEP,https://www.swatijha.com/recurrent-prolapse-treatment-sheffield/,none,"Indexed, self-canonical, in sitemap; URL retained, content rebuilt as native blocks",GSC 16-month clicks/impressions; backlinks; Rank Math redirect export,Pravin (SEO) + Prof Jha (clinical content),PENDING,,,Live title/description to be imported as seo_title/seo_description (requires review item H3)
P12,Pages,https://www.swatijha.com/non-surgical-prolapse-treatment/,200,"follow, index, max-snippet:-1, max-video-preview:-1, max-image-preview:large",Non-Surgical Prolapse Treatment Sheffield | Prof Swati Jha,KEEP,https://www.swatijha.com/non-surgical-prolapse-treatment/,none,"Indexed, self-canonical, in sitemap; URL retained, content rebuilt as native blocks",GSC 16-month clicks/impressions; backlinks; Rank Math redirect export,Pravin (SEO) + Prof Jha (clinical content),PENDING,,,Live title/description to be imported as seo_title/seo_description (requires review item H3)
P13,Pages,https://www.swatijha.com/privacy-notice/,200,"follow, index, max-snippet:-1, max-video-preview:-1, max-image-preview:large",Professor Swati Jha,KEEP,https://www.swatijha.com/privacy-notice/,none,"Indexed, self-canonical, in sitemap; URL retained, content rebuilt as native blocks",GSC 16-month clicks/impressions; backlinks; Rank Math redirect export,Pravin (SEO) + Prof Jha (clinical content),PENDING,,,Live page has no H1 and generic title; approved privacy text required before enquiry activation
P14,Pages,https://www.swatijha.com/book-consultation/,200,"follow, index, max-snippet:-1, max-video-preview:-1, max-image-preview:large","Book A Consultation | Prof Swati Jha, Sheffield",KEEP,https://www.swatijha.com/book-consultation/,none,"Indexed, self-canonical, in sitemap; URL retained, content rebuilt as native blocks",GSC 16-month clicks/impressions; backlinks; Rank Math redirect export,Pravin (SEO) + Prof Jha (clinical content),PENDING,,,"Live H1 truncated (""Book Consultation With""); fees on live site partly outdated — do not migrate fee figures without verification"
P15,Pages,https://www.swatijha.com/contact/,200,"follow, index, max-snippet:-1, max-video-preview:-1, max-image-preview:large",Contact Professor Swati Jha | Private Urogynaecologist Sheffield,KEEP,https://www.swatijha.com/contact/,none,"Indexed, self-canonical, in sitemap; URL retained, content rebuilt as native blocks",GSC 16-month clicks/impressions; backlinks; Rank Math redirect export,Pravin (SEO) + Prof Jha (clinical content),PENDING,,,Live title/description to be imported as seo_title/seo_description (requires review item H3)
P16,Pages,https://www.swatijha.com/vulval-problems-labiaplasty/,200,"follow, index, max-snippet:-1, max-video-preview:-1, max-image-preview:large",Vulval Problems & Labiaplasty | Professor Swati Jha,KEEP,https://www.swatijha.com/vulval-problems-labiaplasty/,none,"Indexed, self-canonical, in sitemap; URL retained, content rebuilt as native blocks",GSC 16-month clicks/impressions; backlinks; Rank Math redirect export,Pravin (SEO) + Prof Jha (clinical content),PENDING,,,Live title/description to be imported as seo_title/seo_description (requires review item H3)
P17,Pages,https://www.swatijha.com/virtual-consultation/,200,"follow, index, max-snippet:-1, max-video-preview:-1, max-image-preview:large",Virtual Urogynaecology Consultation | Prof Swati Jha,KEEP,https://www.swatijha.com/virtual-consultation/,none,"Indexed, self-canonical, in sitemap; URL retained, content rebuilt as native blocks",GSC 16-month clicks/impressions; backlinks; Rank Math redirect export,Pravin (SEO) + Prof Jha (clinical content),PENDING,,,Live title/description to be imported as seo_title/seo_description (requires review item H3)
P18,Pages,https://www.swatijha.com/vaginal-vault-prolapse-sheffield/,200,"follow, index, max-snippet:-1, max-video-preview:-1, max-image-preview:large",Vaginal Vault Prolapse Sheffield | Prof Swati Jha,KEEP,https://www.swatijha.com/vaginal-vault-prolapse-sheffield/,none,"Indexed, self-canonical, in sitemap; URL retained, content rebuilt as native blocks",GSC 16-month clicks/impressions; backlinks; Rank Math redirect export,Pravin (SEO) + Prof Jha (clinical content),PENDING,,,Live title/description to be imported as seo_title/seo_description (requires review item H3)
P19,Pages,https://www.swatijha.com/testimonials/,200,"follow, index, max-snippet:-1, max-video-preview:-1, max-image-preview:large",Patient Reviews & Testimonials | Professor Swati Jha | Sheffield,KEEP,https://www.swatijha.com/testimonials/,none,"Indexed, self-canonical, in sitemap; URL retained, content rebuilt as native blocks",GSC 16-month clicks/impressions; backlinks; Rank Math redirect export,Pravin (SEO) + Prof Jha (clinical content),PENDING,,,Live title/description to be imported as seo_title/seo_description (requires review item H3)
P20,Pages,https://www.swatijha.com/symptoms/,200,"follow, index, max-snippet:-1, max-video-preview:-1, max-image-preview:large",Vaginal Prolapse Symptoms Sheffield | Prof Swati Jha,KEEP,https://www.swatijha.com/symptoms/,none,"Indexed, self-canonical, in sitemap; URL retained, content rebuilt as native blocks",GSC 16-month clicks/impressions; backlinks; Rank Math redirect export,Pravin (SEO) + Prof Jha (clinical content),PENDING,,,Live title/description to be imported as seo_title/seo_description (requires review item H3)
P21,Pages,https://www.swatijha.com/types/,200,"follow, index, max-snippet:-1, max-video-preview:-1, max-image-preview:large",Types Of Vaginal Prolapse In Sheffield | Prof Swati Jha,KEEP,https://www.swatijha.com/types/,none,"Indexed, self-canonical, in sitemap; URL retained, content rebuilt as native blocks",GSC 16-month clicks/impressions; backlinks; Rank Math redirect export,Pravin (SEO) + Prof Jha (clinical content),PENDING,,,Live title/description to be imported as seo_title/seo_description (requires review item H3)
P22,Pages,https://www.swatijha.com/diagnosis/,200,"follow, index, max-snippet:-1, max-video-preview:-1, max-image-preview:large",Vaginal Prolapse Diagnosis Sheffield | Professor Swati Jha,KEEP,https://www.swatijha.com/diagnosis/,none,"Indexed, self-canonical, in sitemap; URL retained, content rebuilt as native blocks",GSC 16-month clicks/impressions; backlinks; Rank Math redirect export,Pravin (SEO) + Prof Jha (clinical content),PENDING,,,Live title/description to be imported as seo_title/seo_description (requires review item H3)
P23,Pages,https://www.swatijha.com/videos/,200,"follow, index, max-snippet:-1, max-video-preview:-1, max-image-preview:large",Urogynaecology Videos | Prolapse & Pelvic Floor I Sheffield,KEEP,https://www.swatijha.com/videos/,none,"Indexed, self-canonical, in sitemap; URL retained, content rebuilt as native blocks",GSC 16-month clicks/impressions; backlinks; Rank Math redirect export,Pravin (SEO) + Prof Jha (clinical content),PENDING,,,Live title/description to be imported as seo_title/seo_description (requires review item H3)
P24,Pages,https://www.swatijha.com/leaflets/,200,"follow, index, max-snippet:-1, max-video-preview:-1, max-image-preview:large",Patient Information Leaflets | Urogynaecology Resources Sheffield,KEEP,https://www.swatijha.com/leaflets/,none,"Indexed, self-canonical, in sitemap; URL retained, content rebuilt as native blocks",GSC 16-month clicks/impressions; backlinks; Rank Math redirect export,Pravin (SEO) + Prof Jha (clinical content),PENDING,,,Live title/description to be imported as seo_title/seo_description (requires review item H3)
P25,Legacy theme routes,https://www.swatijha.com/?liquid-footer=home,200,"follow, index, max-snippet:-1, max-video-preview:-1, max-image-preview:large",Professor Swati Jha,410 GONE (default) — 301 to / only if GSC shows impressions or backlinks,,410,Liquid theme footer template exposed as an indexable URL; not patient content; route disappears when the theme is removed and would otherwise render the homepage as a duplicate,GSC 16-month clicks/impressions; backlinks; Rank Math redirect export,Pravin,PENDING,,,Needs a query-string rule at server level; WordPress alone would serve the homepage with 200
P26,Legacy theme routes,https://www.swatijha.com/liquid-archives/blog/,200,"follow, index, max-snippet:-1, max-video-preview:-1, max-image-preview:large",Blog - Professor Swati Jha,410 GONE (default) — 301 to future guides hub if one is approved before launch,,410,Liquid theme archive; H1 is template text; there is no blog in the new build,GSC 16-month clicks/impressions; backlinks; Rank Math redirect export,Pravin,PENDING,,,"Blog/guide hub is on the roadmap; if approved first, redirect here instead"
P27,Pages,https://www.swatijha.com,200,"follow, index, max-snippet:-1, max-video-preview:-1, max-image-preview:large",Prolapse Surgeon Sheffield | Professor Swati Jha,KEEP (normalised),https://www.swatijha.com/,none — WordPress canonical trailing-slash handling,Same resource as the root; already resolves to / with 200,Confirm single hop on staging,Pravin,PENDING,,,
P28,Hold routes,https://www.swatijha.com/uncategorized/,200,"follow, noindex",Uncategorized Archives - Professor Swati Jha,410 GONE,,410,Default WordPress category archive containing one post; already noindex; no patient value,GSC 16-month clicks/impressions; backlinks; Rank Math redirect export,Pravin,PENDING,,,"Depends on P29 decision; if the post is kept as a post, rename/replace the category so this archive is not recreated"
P29,Hold routes,https://www.swatijha.com/vaginal-prolapse-signs/,200,"follow, noindex",Professor Swati Jha,MERGE into /symptoms/ and 301 (recommended) — or KEEP as noindex guide,https://www.swatijha.com/symptoms/,301,WordPress post (not page) overlapping /symptoms/; already noindex; live title is only the site name and meta description is leaked Elementor settings JSON,Side-by-side content comparison with /symptoms/; Prof Jha confirms any unique clinical content to fold in; GSC 16-month clicks/impressions; backlinks; Rank Math redirect export,Pravin (SEO) + Prof Jha (clinical content),PENDING,,,"If it is instead the first article of the planned guides hub, keep URL, fix metadata, and decide index/noindex explicitly"
H01,Host normalisation,http://swatijha.com/{path},,,,301 to https://www.swatijha.com/{path},https://www.swatijha.com/{path},301,Protocol + host normalisation; preserve existing preferred host,Record current live behaviour (curl -I) before cutover; replicate exactly; single hop,Pravin,PENDING,,,
H02,Host normalisation,http://www.swatijha.com/{path},,,,301 to https://www.swatijha.com/{path},https://www.swatijha.com/{path},301,Protocol normalisation; preserve existing preferred host,Record current live behaviour (curl -I) before cutover; replicate exactly; single hop,Pravin,PENDING,,,
H03,Host normalisation,https://swatijha.com/{path},,,,301 to https://www.swatijha.com/{path},https://www.swatijha.com/{path},301,Host normalisation; preserve existing preferred host,Record current live behaviour (curl -I) before cutover; replicate exactly; single hop,Pravin,PENDING,,,
S01,System and media,https://www.swatijha.com/feed/,,,,KEEP only if posts are published; else 410,,,Default RSS; no posts in new build at launch,Confirm on staging,Pravin,PENDING,,,
S02,System and media,https://www.swatijha.com/comments/feed/,,,,410,,,Comments not used,Confirm on staging,Pravin,PENDING,,,
S03,System and media,https://www.swatijha.com/uncategorized/feed/,,,,410,,,Follows P28,Confirm on staging,Pravin,PENDING,,,
S04,System and media,https://www.swatijha.com/vaginal-prolapse-signs/feed/,,,,410 (or 301 with P29 if merged),,,Follows P29,Confirm on staging,Pravin,PENDING,,,
S05,System and media,https://www.swatijha.com/xmlrpc.php,,,,BLOCK (403) at server,,,Security hardening; not used,Confirm on staging,Pravin,PENDING,,,
S06,System and media,https://www.swatijha.com/wp-json/wp/v2/pages/{id} and /posts/9870,,,,NO ACTION,,,Machine endpoints; IDs change on a fresh install; not indexed resources,Confirm on staging,Pravin,PENDING,,,
S07,System and media,"https://www.swatijha.com/wp-content/uploads/… (192 URLs, see MEDIA-INVENTORY.csv)",,,,KEEP same paths,,,"Carry the uploads tree verbatim so images, the hysterectomy PDF, video and audio keep their URLs; exceptions listed per file",Media library export,Pravin,PENDING,,,
S08,System and media,Rank Math redirect module entries,,,,CARRY FORWARD (after review),,,Historical redirects are invisible to the crawl and will be lost when Rank Math is removed,Rank Math → Redirections CSV export,Pravin,PENDING,,,
D01,Decision,(new pages after launch),,,,"Flat root slugs, e.g. /sacrocolpopexy-sheffield/",,,"All 24 retained pages are flat-root; mixing a /prolapse/… silo for new procedure pages would split the architecture and breadcrumb model. Silo relationships are expressed through entities, breadcrumbs and internal links, not path depth",Your confirmation — this settles the open canonical-convention question,Pravin,PENDING,,,
